EventTime,MatchID,TeamID,OriginPlayerID,DestinationPlayerID,MatchPeriod,EventType,EventSubType,EventOrigin_x,EventOrigin_y,EventDestination_x,EventDestination_y
31.17,1,Huskies,Huskies_G1,,1H,Free Kick,Goal kick,0.0,0.0,66.0,89.0
33.73,1,Opponent1,Opponent1_D1,,1H,Duel,Air duel,34.0,11.0,22.0,0.0
33.81,1,Huskies,Huskies_F1,,1H,Duel,Air duel,66.0,89.0,78.0,100.0
42.61,1,Opponent1,Opponent1_D2,,1H,Free Kick,Throw in,22.0,0.0,66.0,3.0
46.32,1,Huskies,Huskies_D1,Huskies_F1,1H,Pass,Head pass,34.0,97.0,59.0,95.0
47.0,1,Huskies,Huskies_F1,,1H,Duel,Ground loose ball duel,59.0,95.0,64.0,94.0
47.21,1,Opponent1,Opponent1_D1,,1H,Duel,Ground loose ball duel,41.0,5.0,36.0,6.0
48.49,1,Opponent1,Opponent1_M1,,1H,Pass,Simple pass,36.0,6.0,45.0,5.0
49.88,1,Huskies,Huskies_F1,,1H,Pass,Head pass,55.0,95.0,57.0,93.0
50.11,1,Opponent1,Opponent1_D1,,1H,Duel,Ground loose ball duel,43.0,7.0,47.0,11.0
51.02,1,Huskies,Huskies_M1,Huskies_F2,1H,Pass,Simple pass,53.0,89.0,69.0,91.0
51.62,1,Huskies,Huskies_F2,,1H,Pass,Simple pass,69.0,91.0,75.0,100.0
62.22,1,Opponent1,Opponent1_D2,,1H,Free Kick,Throw in,30.0,0.0,40.0,0.0
85.96,1,Huskies,Huskies_F1,,1H,Free Kick,Throw in,65.0,100.0,81.0,84.0
89.01,1,Opponent1,Opponent1_D2,Opponent1_G1,1H,Pass,Simple pass,19.0,16.0,5.0,50.0
92.22,1,Opponent1,Opponent1_G1,Opponent1_F1,1H,Pass,Launch,5.0,50.0,67.0,44.0
95.98,1,Opponent1,Opponent1_F1,,1H,Duel,Air duel,67.0,44.0,58.0,45.0
96.95,1,Huskies,Huskies_D2,,1H,Duel,Air duel,33.0,56.0,42.0,55.0
98.27,1,Huskies,Huskies_M2,Huskies_M3,1H,Pass,Simple pass,42.0,55.0,36.0,54.0
99.4,1,Huskies,Huskies_M3,,1H,Pass,Simple pass,36.0,54.0,36.0,63.0
99.76,1,Opponent1,Opponent1_M1,,1H,Pass,Simple pass,64.0,37.0,70.0,5.0
103.36,1,Huskies,Huskies_D1,,1H,Pass,High pass,30.0,95.0,72.0,97.0
105.0,1,Opponent1,Opponent1_D1,,1H,Duel,Air duel,28.0,3.0,39.0,7.0
106.14,1,Huskies,Huskies_F1,,1H,Duel,Air duel,72.0,97.0,61.0,93.0
107.85,1,Opponent1,Opponent1_M1,,1H,Pass,Simple pass,39.0,7.0,27.0,2.0
108.29,1,Huskies,Huskies_F1,,1H,Others on the ball,Touch,73.0,98.0,70.0,89.0
109.03,1,Opponent1,Opponent1_D1,Opponent1_F2,1H,Pass,Simple pass,30.0,11.0,31.0,22.0
111.03,1,Opponent1,Opponent1_F2,Opponent1_D2,1H,Pass,Simple pass,31.0,22.0,27.0,23.0
112.86,1,Opponent1,Opponent1_D2,Opponent1_M1,1H,Pass,High pass,27.0,23.0,36.0,6.0
115.29,1,Opponent1,Opponent1_M1,,1H,Pass,Simple pass,36.0,6.0,35.0,2.0
116.88,1,Huskies,Huskies_F1,,1H,Others on the ball,Touch,65.0,98.0,66.0,100.0
127.73,1,Opponent1,Opponent1_D2,,1H,Free Kick,Throw in,34.0,0.0,66.0,9.0
130.66,1,Huskies,Huskies_D1,Huskies_F1,1H,Pass,Head pass,34.0,91.0,52.0,97.0
134.6,1,Huskies,Huskies_F1,,1H,Duel,Ground defending duel,52.0,97.0,47.0,100.0
148.69,1,Opponent1,Opponent1_D1,,1H,Free Kick,Throw in,53.0,0.0,48.0,12.0
151.85,1,Opponent1,Opponent1_F2,Opponent1_D3,1H,Pass,Simple pass,48.0,12.0,46.0,56.0
154.64,1,Opponent1,Opponent1_D3,Opponent1_M2,1H,Pass,Simple pass,46.0,56.0,56.0,68.0
158.52,1,Opponent1,Opponent1_M2,,1H,Pass,High pass,56.0,68.0,86.0,35.0
161.22,1,Huskies,Huskies_D1,Huskies_G1,1H,Pass,Simple pass,14.0,65.0,11.0,50.0
164.63,1,Huskies,Huskies_G1,Huskies_G1,1H,Pass,Hand pass,11.0,50.0,5.0,45.0
169.31,1,Huskies,Huskies_G1,,1H,Pass,Launch,5.0,45.0,47.0,89.0
171.94,1,Opponent1,Opponent1_D1,,1H,Duel,Air duel,53.0,11.0,91.0,18.0
176.84,1,Huskies,Huskies_G1,,1H,Pass,Launch,9.0,82.0,62.0,91.0
180.25,1,Opponent1,Opponent1_D1,,1H,Duel,Air duel,38.0,9.0,59.0,14.0
180.83,1,Huskies,Huskies_F1,,1H,Duel,Air duel,62.0,91.0,41.0,86.0
183.46,1,Huskies,Huskies_M3,,1H,Others on the ball,Touch,41.0,86.0,35.0,90.0
183.99,1,Huskies,Huskies_D1,,1H,Duel,Ground loose ball duel,35.0,90.0,28.0,94.0
184.28,1,Opponent1,Opponent1_M1,,1H,Duel,Ground loose ball duel,65.0,10.0,72.0,6.0
188.33,1,Huskies,Huskies_D1,,1H,Others on the ball,Touch,28.0,94.0,32.0,90.0
188.66,1,Opponent1,Opponent1_M1,,1H,Duel,Ground attacking duel,68.0,10.0,75.0,0.0
190.33,1,Huskies,Huskies_D1,,1H,Duel,Ground defending duel,32.0,90.0,25.0,100.0
201.19,1,Huskies,Huskies_D1,,1H,Free Kick,Throw in,25.0,100.0,39.0,95.0
203.18,1,Huskies,Huskies_F2,,1H,Duel,Ground attacking duel,39.0,95.0,44.0,95.0
203.34,1,Opponent1,Opponent1_M1,,1H,Duel,Ground defending duel,61.0,5.0,56.0,5.0
206.6,1,Huskies,Huskies_F2,,1H,Duel,Ground defending duel,44.0,95.0,44.0,94.0
206.87,1,Opponent1,Opponent1_M1,,1H,Duel,Ground attacking duel,56.0,5.0,56.0,6.0
209.47,1,Huskies,Huskies_F2,,1H,Foul,Foul,44.0,94.0,44.0,95.0
236.08,1,Opponent1,Opponent1_D1,,1H,Free Kick,Free kick cross,59.0,9.0,100.0,100.0
238.03,1,Huskies,Huskies_G1,,1H,Goalkeeper leaving line,Goalkeeper leaving line,0.0,0.0,41.0,91.0
239.48,1,Opponent1,Opponent1_F3,,1H,Duel,Air duel,89.0,59.0,74.0,67.0
239.99,1,Huskies,Huskies_G1,,1H,Duel,Air duel,11.0,41.0,26.0,33.0
240.31,1,Opponent1,Opponent1_M3,,1H,Duel,Air duel,74.0,67.0,83.0,8.0
240.71,1,Huskies,Huskies_M2,,1H,Duel,Air duel,26.0,33.0,17.0,92.0
247.47,1,Huskies,Huskies_D1,Huskies_D2,1H,Pass,Simple pass,17.0,92.0,22.0,62.0
249.69,1,Huskies,Huskies_D2,Huskies_D3,1H,Pass,Simple pass,22.0,62.0,19.0,24.0
251.51,1,Huskies,Huskies_D3,Huskies_G1,1H,Pass,Simple pass,19.0,24.0,8.0,45.0
257.3,1,Huskies,Huskies_G1,Huskies_D3,1H,Pass,Simple pass,8.0,45.0,19.0,13.0
259.61,1,Huskies,Huskies_D3,Huskies_G1,1H,Pass,Simple pass,19.0,13.0,12.0,38.0
263.91,1,Huskies,Huskies_G1,,1H,Pass,Launch,12.0,38.0,68.0,93.0
266.64,1,Opponent1,Opponent1_D1,,1H,Duel,Air duel,32.0,7.0,36.0,0.0
267.58,1,Huskies,Huskies_F1,,1H,Duel,Air duel,68.0,93.0,64.0,100.0
286.5,1,Huskies,Huskies_D2,Huskies_D3,1H,Pass,Simple pass,48.0,50.0,55.0,24.0
288.28,1,Huskies,Huskies_D3,Huskies_D4,1H,Pass,Simple pass,55.0,24.0,60.0,5.0
291.12,1,Huskies,Huskies_D4,Huskies_D3,1H,Pass,Simple pass,60.0,5.0,33.0,21.0
294.67,1,Huskies,Huskies_D3,Huskies_G1,1H,Pass,Simple pass,33.0,21.0,15.0,70.0
298.52,1,Huskies,Huskies_G1,Huskies_F1,1H,Pass,High pass,15.0,70.0,60.0,99.0
301.88,1,Huskies,Huskies_F1,,1H,Duel,Air duel,60.0,99.0,59.0,100.0
314.68,1,Opponent1,Opponent1_D2,,1H,Free Kick,Throw in,41.0,0.0,70.0,7.0
317.0,1,Opponent1,Opponent1_F1,,1H,Duel,Air duel,70.0,7.0,55.0,12.0
317.43,1,Huskies,Huskies_D1,,1H,Duel,Air duel,30.0,93.0,45.0,88.0
318.88,1,Opponent1,Opponent1_M1,Opponent1_D1,1H,Pass,Simple pass,55.0,12.0,62.0,9.0
320.77,1,Opponent1,Opponent1_D1,,1H,Pass,Simple pass,62.0,9.0,73.0,4.0
321.89,1,Huskies,Huskies_D1,,1H,Others on the ball,Touch,27.0,96.0,30.0,95.0
323.97,1,Huskies,Huskies_M1,,1H,Duel,Ground defending duel,30.0,95.0,19.0,98.0
324.3,1,Opponent1,Opponent1_F1,,1H,Duel,Ground attacking duel,70.0,5.0,81.0,2.0
325.78,1,Huskies,Huskies_D1,Huskies_M3,1H,Pass,Simple pass,19.0,98.0,35.0,86.0
329.57,1,Huskies,Huskies_M3,Huskies_M1,1H,Pass,Simple pass,35.0,86.0,30.0,97.0
331.79,1,Huskies,Huskies_M1,,1H,Pass,Simple pass,30.0,97.0,48.0,87.0
332.3,1,Opponent1,Opponent1_M1,,1H,Others on the ball,Touch,52.0,13.0,47.0,0.0
342.43,1,Huskies,Huskies_M1,,1H,Free Kick,Throw in,61.0,100.0,66.0,93.0
343.78,1,Huskies,Huskies_F3,,1H,Others on the ball,Touch,66.0,93.0,53.0,89.0
344.97,1,Opponent1,Opponent1_F2,,1H,Duel,Ground loose ball duel,47.0,11.0,52.0,14.0
345.48,1,Huskies,Huskies_F3,,1H,Duel,Ground loose ball duel,53.0,89.0,48.0,86.0
346.1,1,Opponent1,Opponent1_F1,,1H,Pass,Simple pass,52.0,14.0,53.0,41.0
349.65,1,Huskies,Huskies_M2,Huskies_D3,1H,Pass,Simple pass,47.0,59.0,47.0,27.0
352.6,1,Huskies,Huskies_D3,Huskies_M3,1H,Pass,Simple pass,47.0,27.0,45.0,40.0
354.42,1,Huskies,Huskies_M3,Huskies_D3,1H,Pass,Simple pass,45.0,40.0,47.0,12.0
356.39,1,Huskies,Huskies_D3,,1H,Pass,High pass,47.0,12.0,99.0,9.0
376.49,1,Opponent1,Opponent1_G1,,1H,Free Kick,Goal kick,100.0,100.0,19.0,68.0
380.02,1,Opponent1,Opponent1_D4,Opponent1_M3,1H,Pass,Simple pass,19.0,68.0,27.0,65.0
380.84,1,Opponent1,Opponent1_M3,Opponent1_D3,1H,Pass,Simple pass,27.0,65.0,27.0,90.0
383.04,1,Opponent1,Opponent1_D3,,1H,Others on the ball,Touch,27.0,90.0,49.0,90.0
386.39,1,Opponent1,Opponent1_D3,,1H,Pass,High pass,49.0,90.0,92.0,45.0
390.71,1,Huskies,Huskies_G1,Huskies_D1,1H,Pass,Hand pass,8.0,55.0,25.0,94.0
395.61,1,Huskies,Huskies_D1,Huskies_D2,1H,Pass,Simple pass,25.0,94.0,24.0,55.0
398.39,1,Huskies,Huskies_D2,Huskies_D3,1H,Pass,Simple pass,24.0,55.0,24.0,20.0
401.47,1,Huskies,Huskies_D3,Huskies_M2,1H,Pass,Simple pass,24.0,20.0,33.0,20.0
402.51,1,Huskies,Huskies_M2,Huskies_M3,1H,Pass,Simple pass,33.0,20.0,33.0,35.0
403.23,1,Huskies,Huskies_M3,Huskies_D3,1H,Pass,Simple pass,33.0,35.0,24.0,24.0
405.51,1,Huskies,Huskies_D3,Huskies_D2,1H,Pass,Simple pass,24.0,24.0,29.0,68.0
409.4,1,Huskies,Huskies_D2,Huskies_D1,1H,Pass,Simple pass,29.0,68.0,25.0,88.0
411.01,1,Huskies,Huskies_D1,Huskies_M1,1H,Pass,Simple pass,25.0,88.0,31.0,99.0
413.9,1,Huskies,Huskies_M1,Huskies_D1,1H,Pass,Simple pass,31.0,99.0,27.0,88.0
415.52,1,Huskies,Huskies_D1,Huskies_D2,1H,Pass,Simple pass,27.0,88.0,29.0,53.0
417.78,1,Huskies,Huskies_D2,Huskies_D3,1H,Pass,Simple pass,29.0,53.0,37.0,14.0
421.15,1,Huskies,Huskies_D3,Huskies_M2,1H,Pass,Simple pass,37.0,14.0,42.0,16.0
423.25,1,Huskies,Huskies_M2,Huskies_D2,1H,Pass,Simple pass,42.0,16.0,36.0,54.0
426.78,1,Huskies,Huskies_D2,Huskies_D1,1H,Pass,Simple pass,36.0,54.0,32.0,85.0
429.55,1,Huskies,Huskies_D1,Huskies_F2,1H,Pass,Simple pass,32.0,85.0,59.0,67.0
430.17,1,Huskies,Huskies_F2,,1H,Duel,Ground loose ball duel,59.0,67.0,58.0,70.0
430.18,1,Opponent1,Opponent1_M1,,1H,Duel,Ground loose ball duel,41.0,33.0,42.0,30.0
432.04,1,Opponent1,Opponent1_M3,Opponent1_F2,1H,Pass,Simple pass,42.0,30.0,47.0,50.0
435.13,1,Opponent1,Opponent1_F2,Opponent1_D3,1H,Pass,Simple pass,47.0,50.0,41.0,54.0
437.28,1,Opponent1,Opponent1_D3,Opponent1_G1,1H,Pass,Simple pass,41.0,54.0,14.0,55.0
440.93,1,Opponent1,Opponent1_G1,Opponent1_D3,1H,Pass,Simple pass,14.0,55.0,36.0,85.0
446.43,1,Opponent1,Opponent1_D3,Opponent1_M3,1H,Pass,Simple pass,36.0,85.0,41.0,70.0
448.82,1,Opponent1,Opponent1_M3,Opponent1_D2,1H,Pass,Simple pass,41.0,70.0,51.0,13.0
452.25,1,Opponent1,Opponent1_D2,Opponent1_D1,1H,Pass,High pass,51.0,13.0,84.0,12.0
457.04,1,Opponent1,Opponent1_D1,,1H,Offside,,84.0,12.0,100.0,100.0
469.36,1,Huskies,Huskies_D1,,1H,Free Kick,Free Kick,23.0,92.0,38.0,74.0
470.53,1,Huskies,Huskies_M3,Huskies_D1,1H,Pass,Simple pass,38.0,74.0,23.0,81.0
472.35,1,Huskies,Huskies_D1,Huskies_D2,1H,Pass,Simple pass,23.0,81.0,33.0,56.0
475.82,1,Huskies,Huskies_D2,Huskies_D3,1H,Pass,Simple pass,33.0,56.0,31.0,16.0
478.06,1,Huskies,Huskies_D3,Huskies_D2,1H,Pass,Simple pass,31.0,16.0,35.0,59.0
483.46,1,Huskies,Huskies_D2,Huskies_M3,1H,Pass,Simple pass,35.0,59.0,37.0,42.0
486.9,1,Huskies,Huskies_M3,Huskies_D2,1H,Pass,Simple pass,37.0,42.0,41.0,84.0
488.64,1,Huskies,Huskies_D2,Huskies_M1,1H,Pass,Simple pass,41.0,84.0,49.0,97.0
492.91,1,Huskies,Huskies_M1,Huskies_D1,1H,Pass,Simple pass,49.0,97.0,40.0,86.0
495.2,1,Huskies,Huskies_D1,Huskies_D2,1H,Pass,Simple pass,40.0,86.0,43.0,46.0
499.18,1,Huskies,Huskies_D2,Huskies_D3,1H,Pass,Simple pass,43.0,46.0,44.0,13.0
502.13,1,Huskies,Huskies_D3,,1H,Pass,Simple pass,44.0,13.0,46.0,16.0
504.4,1,Opponent1,Opponent1_F3,Opponent1_F2,1H,Pass,Simple pass,54.0,84.0,55.0,48.0
506.68,1,Opponent1,Opponent1_F2,Opponent1_M2,1H,Pass,Simple pass,55.0,48.0,55.0,32.0
510.87,1,Opponent1,Opponent1_M2,Opponent1_D1,1H,Pass,Simple pass,55.0,32.0,43.0,28.0
512.29,1,Opponent1,Opponent1_D1,Opponent1_D2,1H,Pass,Simple pass,43.0,28.0,41.0,38.0
515.23,1,Opponent1,Opponent1_D2,,1H,Others on the ball,Touch,41.0,38.0,61.0,52.0
516.92,1,Opponent1,Opponent1_D2,Opponent1_M3,1H,Pass,Simple pass,61.0,52.0,57.0,86.0
520.31,1,Opponent1,Opponent1_M3,Opponent1_F3,1H,Pass,Smart pass,57.0,86.0,99.0,72.0
521.96,1,Opponent1,Opponent1_F3,,1H,Pass,Cross,99.0,72.0,100.0,100.0
525.39,1,Huskies,Huskies_G1,,1H,Save attempt,Save attempt,0.0,0.0,1.0,28.0
560.07,1,Opponent1,Opponent1_M2,,1H,Free Kick,Corner,100.0,100.0,97.0,58.0
564.35,1,Huskies,Huskies_F2,,1H,Others on the ball,Clearance,3.0,42.0,0.0,49.0
601.19,1,Opponent1,Opponent1_M2,,1H,Free Kick,Corner,100.0,2.0,92.0,37.0
603.68,1,Huskies,Huskies_F2,,1H,Others on the ball,Clearance,8.0,63.0,38.0,32.0
605.78,1,Opponent1,Opponent1_M3,Opponent1_D1,1H,Pass,Simple pass,62.0,68.0,55.0,29.0
607.67,1,Opponent1,Opponent1_D1,Opponent1_M1,1H,Pass,Simple pass,55.0,29.0,60.0,27.0
609.74,1,Opponent1,Opponent1_M1,Opponent1_M2,1H,Pass,Simple pass,60.0,27.0,71.0,8.0
611.63,1,Opponent1,Opponent1_M2,Opponent1_F2,1H,Pass,Simple pass,71.0,8.0,67.0,14.0
614.12,1,Opponent1,Opponent1_F2,Opponent1_M2,1H,Pass,Smart pass,67.0,14.0,90.0,7.0
617.46,1,Opponent1,Opponent1_M2,,1H,Duel,Ground attacking duel,90.0,7.0,93.0,7.0
619.15,1,Huskies,Huskies_F1,,1H,Duel,Ground defending duel,10.0,93.0,7.0,93.0
621.48,1,Opponent1,Opponent1_M2,,1H,Duel,Ground defending duel,93.0,7.0,94.0,16.0
626.52,1,Huskies,Huskies_M1,,1H,Pass,High pass,6.0,84.0,47.0,85.0
628.55,1,Opponent1,Opponent1_D2,Opponent1_F2,1H,Pass,Head pass,53.0,15.0,75.0,10.0
630.79,1,Opponent1,Opponent1_F2,,1H,Pass,Simple pass,75.0,10.0,69.0,32.0
632.3,1,Huskies,Huskies_D2,,1H,Duel,Ground loose ball duel,31.0,68.0,35.0,61.0
633.12,1,Opponent1,Opponent1_F1,,1H,Duel,Ground loose ball duel,69.0,32.0,65.0,39.0
634.32,1,Huskies,Huskies_D2,Huskies_F2,1H,Pass,Simple pass,35.0,61.0,32.0,72.0
634.79,1,Huskies,Huskies_F2,,1H,Duel,Ground loose ball duel,32.0,72.0,26.0,69.0
634.8,1,Opponent1,Opponent1_M1,,1H,Duel,Ground loose ball duel,68.0,28.0,74.0,31.0
635.81,1,Opponent1,Opponent1_M1,,1H,Pass,Simple pass,74.0,31.0,71.0,32.0
636.69,1,Huskies,Huskies_D2,,1H,Duel,Ground defending duel,29.0,68.0,20.0,67.0
638.16,1,Opponent1,Opponent1_F1,,1H,Duel,Ground attacking duel,71.0,32.0,80.0,33.0
638.72,1,Huskies,Huskies_D1,Huskies_D3,1H,Pass,Simple pass,20.0,67.0,22.0,37.0
639.54,1,Huskies,Huskies_D3,,1H,Others on the ball,Touch,22.0,37.0,41.0,42.0
644.85,1,Huskies,Huskies_D3,Huskies_M3,1H,Pass,Simple pass,41.0,42.0,44.0,35.0
648.45,1,Huskies,Huskies_M3,Huskies_M2,1H,Pass,Simple pass,44.0,35.0,58.0,25.0
648.79,1,Huskies,Huskies_M2,Huskies_M3,1H,Pass,Simple pass,58.0,25.0,44.0,45.0
654.27,1,Huskies,Huskies_M3,Huskies_D1,1H,Pass,Simple pass,44.0,45.0,45.0,88.0
656.79,1,Huskies,Huskies_D1,Huskies_M1,1H,Pass,Simple pass,45.0,88.0,46.0,66.0
658.98,1,Huskies,Huskies_M1,Huskies_D2,1H,Pass,Simple pass,46.0,66.0,35.0,53.0
660.93,1,Huskies,Huskies_D2,Huskies_D3,1H,Pass,Simple pass,35.0,53.0,36.0,26.0
662.82,1,Huskies,Huskies_D3,Huskies_D4,1H,Pass,Simple pass,36.0,26.0,44.0,9.0
664.19,1,Huskies,Huskies_D4,Huskies_D3,1H,Pass,Simple pass,44.0,9.0,29.0,28.0
666.4,1,Huskies,Huskies_D3,Huskies_D1,1H,Pass,Simple pass,29.0,28.0,30.0,88.0
670.79,1,Huskies,Huskies_D1,Huskies_M1,1H,Pass,Simple pass,30.0,88.0,54.0,98.0
672.49,1,Huskies,Huskies_M1,Huskies_D1,1H,Pass,Simple pass,54.0,98.0,40.0,88.0
677.03,1,Huskies,Huskies_D1,Huskies_D2,1H,Pass,Simple pass,40.0,88.0,39.0,58.0
679.63,1,Huskies,Huskies_D2,Huskies_D3,1H,Pass,Simple pass,39.0,58.0,42.0,22.0
681.35,1,Huskies,Huskies_D3,Huskies_D4,1H,Pass,Simple pass,42.0,22.0,45.0,7.0
683.98,1,Huskies,Huskies_D4,,1H,Pass,High pass,45.0,7.0,86.0,29.0
687.07,1,Opponent1,Opponent1_G1,,1H,Others on the ball,Touch,14.0,71.0,13.0,69.0
694.41,1,Opponent1,Opponent1_G1,Opponent1_D3,1H,Pass,Hand pass,13.0,69.0,28.0,96.0
698.0,1,Opponent1,Opponent1_D3,Opponent1_M2,1H,Pass,Simple pass,28.0,96.0,32.0,91.0
699.27,1,Opponent1,Opponent1_M2,Opponent1_G1,1H,Pass,Simple pass,32.0,91.0,9.0,64.0
701.25,1,Opponent1,Opponent1_G1,,1H,Others on the ball,Clearance,9.0,64.0,14.0,100.0
716.08,1,Huskies,Huskies_D4,,1H,Free Kick,Throw in,88.0,0.0,88.0,10.0
717.48,1,Huskies,Huskies_M2,Huskies_D4,1H,Pass,Simple pass,88.0,10.0,94.0,5.0
719.44,1,Huskies,Huskies_D4,Huskies_M2,1H,Pass,Simple pass,94.0,5.0,82.0,5.0
721.2,1,Huskies,Huskies_M2,,1H,Pass,Simple pass,82.0,5.0,88.0,27.0
721.76,1,Opponent1,Opponent1_M1,,1H,Duel,Ground loose ball duel,12.0,73.0,16.0,70.0
721.77,1,Huskies,Huskies_F2,,1H,Duel,Ground loose ball duel,88.0,27.0,84.0,30.0
723.55,1,Huskies,Huskies_F3,,1H,Duel,Ground attacking duel,84.0,30.0,83.0,45.0
724.44,1,Opponent1,Opponent1_D4,,1H,Duel,Ground defending duel,16.0,70.0,17.0,55.0
725.76,1,Huskies,Huskies_F3,,1H,Shot,Shot,83.0,45.0,0.0,0.0
755.18,1,Opponent1,Opponent1_G1,,1H,Free Kick,Goal kick,100.0,100.0,74.0,95.0
761.45,1,Opponent1,Opponent1_M2,,1H,Pass,Simple pass,74.0,95.0,69.0,96.0
763.94,1,Huskies,Huskies_M3,Huskies_D3,1H,Pass,Simple pass,31.0,4.0,26.0,15.0
766.38,1,Huskies,Huskies_D3,Huskies_D2,1H,Pass,Simple pass,26.0,15.0,28.0,46.0
768.96,1,Huskies,Huskies_D2,Huskies_D1,1H,Pass,Simple pass,28.0,46.0,27.0,75.0
770.16,1,Huskies,Huskies_D1,,1H,Others on the ball,Touch,27.0,75.0,43.0,78.0
773.4,1,Huskies,Huskies_D1,,1H,Pass,High pass,43.0,78.0,73.0,100.0
788.51,1,Opponent1,Opponent1_D2,,1H,Free Kick,Throw in,26.0,0.0,44.0,13.0
792.59,1,Opponent1,Opponent1_F2,,1H,Duel,Ground attacking duel,44.0,13.0,37.0,7.0
793.18,1,Opponent1,Opponent1_D1,,1H,Pass,Head pass,37.0,7.0,56.0,12.0
793.29,1,Huskies,Huskies_D1,,1H,Duel,Ground defending duel,56.0,87.0,44.0,88.0
794.79,1,Opponent1,Opponent1_F1,,1H,Duel,Air duel,56.0,12.0,56.0,15.0
795.15,1,Huskies,Huskies_D2,,1H,Duel,Air duel,44.0,88.0,44.0,85.0
797.65,1,Huskies,Huskies_D2,,1H,Foul,Foul,44.0,85.0,44.0,88.0
825.83,1,Opponent1,Opponent1_D1,,1H,Free Kick,Free Kick,55.0,9.0,89.0,47.0
829.86,1,Huskies,Huskies_D2,,1H,Duel,Air duel,11.0,53.0,24.0,56.0
829.87,1,Opponent1,Opponent1_F1,,1H,Duel,Air duel,89.0,47.0,76.0,44.0
830.74,1,Opponent1,Opponent1_M3,,1H,Others on the ball,Touch,76.0,44.0,80.0,46.0
831.33,1,Huskies,Huskies_M1,Huskies_F2,1H,Pass,Simple pass,20.0,54.0,23.0,63.0
833.17,1,Huskies,Huskies_F2,Huskies_F1,1H,Pass,Head pass,23.0,63.0,31.0,97.0
835.14,1,Huskies,Huskies_F1,,1H,Duel,Ground attacking duel,31.0,97.0,32.0,88.0
836.82,1,Opponent1,Opponent1_F2,,1H,Duel,Ground attacking duel,68.0,12.0,67.0,5.0
837.62,1,Huskies,Huskies_F1,,1H,Duel,Ground defending duel,32.0,88.0,33.0,95.0
840.03,1,Huskies,Huskies_F1,,1H,Foul,Foul,33.0,95.0,32.0,88.0
864.58,1,Opponent1,Opponent1_M2,,1H,Free Kick,Free kick cross,72.0,4.0,89.0,65.0
868.74,1,Opponent1,Opponent1_D4,,1H,Duel,Air duel,89.0,65.0,87.0,65.0
869.21,1,Opponent1,Opponent1_D4,,1H,Duel,Air duel,87.0,65.0,76.0,65.0
871.51,1,Opponent1,Opponent1_M3,,1H,Shot,Shot,76.0,65.0,100.0,100.0
872.88,1,Huskies,Huskies_D1,,1H,Pass,Simple pass,9.0,57.0,12.0,40.0
873.33,1,Opponent1,Opponent1_D4,,1H,Others on the ball,Touch,88.0,60.0,83.0,67.0
874.35,1,Opponent1,Opponent1_M3,,1H,Shot,Shot,83.0,67.0,100.0,100.0
875.23,1,Huskies,Huskies_D2,,1H,Others on the ball,Touch,11.0,46.0,41.0,13.0
876.59,1,Huskies,Huskies_F3,Huskies_M2,1H,Pass,Simple pass,41.0,13.0,37.0,25.0
877.62,1,Huskies,Huskies_M2,Huskies_F3,1H,Pass,Simple pass,37.0,25.0,44.0,11.0
879.95,1,Huskies,Huskies_F3,,1H,Pass,High pass,44.0,11.0,47.0,45.0
880.62,1,Opponent1,Opponent1_M3,,1H,Pass,Head pass,53.0,55.0,67.0,46.0
882.97,1,Huskies,Huskies_D2,,1H,Pass,Launch,33.0,54.0,61.0,21.0
885.82,1,Opponent1,Opponent1_D3,,1H,Duel,Air duel,39.0,79.0,48.0,57.0
885.86,1,Huskies,Huskies_M2,,1H,Duel,Air duel,61.0,21.0,52.0,43.0
886.66,1,Opponent1,Opponent1_M3,,1H,Duel,Air duel,48.0,57.0,57.0,60.0
887.05,1,Huskies,Huskies_M3,,1H,Duel,Air duel,52.0,43.0,43.0,40.0
888.41,1,Huskies,Huskies_D3,Huskies_F3,1H,Pass,High pass,43.0,40.0,76.0,8.0
892.35,1,Huskies,Huskies_F3,,1H,Offside,,76.0,8.0,0.0,0.0
902.58,1,Opponent1,Opponent1_D3,,1H,Free Kick,Free Kick,28.0,88.0,19.0,61.0
907.77,1,Opponent1,Opponent1_G1,Opponent1_D2,1H,Pass,Simple pass,19.0,61.0,42.0,16.0
911.12,1,Opponent1,Opponent1_D2,Opponent1_F1,1H,Pass,High pass,42.0,16.0,85.0,48.0
913.59,1,Opponent1,Opponent1_F1,,1H,Duel,Air duel,85.0,48.0,71.0,21.0
914.3,1,Huskies,Huskies_D2,,1H,Duel,Air duel,15.0,52.0,29.0,79.0
918.98,1,Huskies,Huskies_D1,Huskies_F3,1H,Pass,Simple pass,29.0,79.0,54.0,51.0
921.82,1,Huskies,Huskies_F3,,1H,Pass,Simple pass,54.0,51.0,44.0,42.0
922.55,1,Opponent1,Opponent1_M2,,1H,Others on the ball,Touch,56.0,58.0,67.0,66.0
925.08,1,Opponent1,Opponent1_M2,,1H,Duel,Ground defending duel,67.0,66.0,66.0,77.0
926.62,1,Huskies,Huskies_M3,,1H,Duel,Ground attacking duel,33.0,34.0,34.0,23.0
928.05,1,Opponent1,Opponent1_M2,,1H,Foul,Foul,66.0,77.0,67.0,66.0
937.66,1,Huskies,Huskies_D3,,1H,Free Kick,Free Kick,28.0,24.0,28.0,49.0
940.15,1,Huskies,Huskies_D2,Huskies_D1,1H,Pass,Simple pass,28.0,49.0,27.0,80.0
942.51,1,Huskies,Huskies_D1,,1H,Pass,Simple pass,27.0,80.0,67.0,95.0
944.87,1,Opponent1,Opponent1_F2,,1H,Duel,Ground defending duel,33.0,5.0,30.0,7.0
946.33,1,Huskies,Huskies_M1,,1H,Duel,Ground attacking duel,67.0,95.0,70.0,93.0
947.23,1,Opponent1,Opponent1_F2,,1H,Duel,Ground attacking duel,30.0,7.0,30.0,16.0
948.07,1,Huskies,Huskies_M1,,1H,Duel,Ground defending duel,70.0,93.0,70.0,84.0
948.63,1,Opponent1,Opponent1_F2,Opponent1_M1,1H,Pass,Simple pass,30.0,16.0,37.0,33.0
952.73,1,Opponent1,Opponent1_M1,Opponent1_M2,1H,Pass,Simple pass,37.0,33.0,47.0,54.0
955.05,1,Opponent1,Opponent1_M2,,1H,Pass,High pass,47.0,54.0,71.0,0.0
972.75,1,Huskies,Huskies_D1,,1H,Free Kick,Throw in,18.0,100.0,42.0,90.0
974.16,1,Opponent1,Opponent1_M1,Opponent1_F1,1H,Pass,Simple pass,58.0,10.0,73.0,15.0
976.67,1,Opponent1,Opponent1_F1,,1H,Duel,Ground attacking duel,73.0,15.0,64.0,27.0
977.64,1,Huskies,Huskies_M2,Huskies_D2,1H,Pass,Simple pass,36.0,73.0,27.0,85.0
977.71,1,Huskies,Huskies_D2,,1H,Duel,Ground defending duel,27.0,85.0,29.0,80.0
978.08,1,Opponent1,Opponent1_F1,Opponent1_M1,1H,Pass,Simple pass,71.0,20.0,56.0,26.0
978.89,1,Opponent1,Opponent1_M1,Opponent1_D3,1H,Pass,Simple pass,56.0,26.0,63.0,60.0
983.65,1,Opponent1,Opponent1_D3,Opponent1_M1,1H,Pass,Simple pass,63.0,60.0,60.0,36.0
987.19,1,Opponent1,Opponent1_M1,Opponent1_M2,1H,Pass,Simple pass,60.0,36.0,71.0,67.0
989.24,1,Opponent1,Opponent1_M2,Opponent1_D3,1H,Pass,Simple pass,71.0,67.0,57.0,71.0
991.23,1,Opponent1,Opponent1_D3,Opponent1_M1,1H,Pass,Simple pass,57.0,71.0,55.0,52.0
995.01,1,Opponent1,Opponent1_M1,Opponent1_D2,1H,Pass,Simple pass,55.0,52.0,58.0,32.0
997.71,1,Opponent1,Opponent1_D2,Opponent1_M3,1H,Pass,Simple pass,58.0,32.0,65.0,40.0
999.24,1,Opponent1,Opponent1_M3,Opponent1_M1,1H,Pass,Simple pass,65.0,40.0,64.0,56.0
1002.01,1,Opponent1,Opponent1_M1,Opponent1_D2,1H,Pass,Simple pass,64.0,56.0,75.0,30.0
1003.71,1,Opponent1,Opponent1_D2,Opponent1_F2,1H,Pass,Simple pass,75.0,30.0,72.0,59.0
1007.93,1,Opponent1,Opponent1_F2,,1H,Pass,Simple pass,72.0,59.0,77.0,71.0
1010.18,1,Huskies,Huskies_M2,,1H,Duel,Ground defending duel,23.0,29.0,16.0,32.0
1010.4,1,Opponent1,Opponent1_M2,,1H,Duel,Ground attacking duel,77.0,71.0,84.0,68.0
1011.18,1,Huskies,Huskies_D3,,1H,Duel,Ground defending duel,16.0,32.0,23.0,67.0
1013.02,1,Opponent1,Opponent1_M2,,1H,Duel,Ground attacking duel,77.0,33.0,78.0,18.0
1014.31,1,Huskies,Huskies_M1,,1H,Duel,Ground defending duel,23.0,67.0,22.0,82.0
1017.85,1,Opponent1,Opponent1_M2,Opponent1_M2,1H,Pass,Simple pass,78.0,18.0,74.0,8.0
1018.98,1,Opponent1,Opponent1_M2,Opponent1_M1,1H,Pass,Simple pass,74.0,8.0,64.0,40.0
1024.13,1,Opponent1,Opponent1_M1,Opponent1_F2,1H,Pass,Simple pass,64.0,40.0,69.0,58.0
1025.49,1,Opponent1,Opponent1_F2,Opponent1_M1,1H,Pass,Simple pass,69.0,58.0,64.0,53.0
1026.6,1,Opponent1,Opponent1_M1,Opponent1_D3,1H,Pass,Simple pass,64.0,53.0,74.0,83.0
1032.13,1,Opponent1,Opponent1_D3,Opponent1_F2,1H,Pass,Simple pass,74.0,83.0,66.0,67.0
1034.9,1,Opponent1,Opponent1_F2,,1H,Duel,Ground attacking duel,66.0,67.0,63.0,69.0
1035.55,1,Huskies,Huskies_F2,,1H,Duel,Ground defending duel,34.0,33.0,37.0,31.0
1037.89,1,Huskies,Huskies_F2,,1H,Foul,Foul,37.0,31.0,34.0,33.0
1048.46,1,Opponent1,Opponent1_M3,Opponent1_D3,1H,Pass,Simple pass,80.0,79.0,80.0,84.0
1053.57,1,Opponent1,Opponent1_D3,,1H,Duel,Ground attacking duel,80.0,84.0,80.0,84.0
1055.34,1,Opponent1,Opponent1_D3,,1H,Pass,Cross,80.0,84.0,100.0,32.0
1077.94,1,Huskies,Huskies_G1,,1H,Free Kick,Goal kick,0.0,0.0,15.0,18.0
1080.53,1,Huskies,Huskies_D3,Huskies_G1,1H,Pass,Simple pass,15.0,18.0,13.0,45.0
1083.67,1,Huskies,Huskies_G1,Huskies_M1,1H,Pass,High pass,13.0,45.0,39.0,97.0
1086.55,1,Huskies,Huskies_M1,Huskies_D1,1H,Pass,Head pass,39.0,97.0,31.0,77.0
1088.35,1,Huskies,Huskies_D1,Huskies_M3,1H,Pass,Simple pass,31.0,77.0,33.0,47.0
1092.13,1,Huskies,Huskies_M3,Huskies_D3,1H,Pass,Simple pass,33.0,47.0,29.0,12.0
1093.8,1,Huskies,Huskies_D3,,1H,Others on the ball,Acceleration,29.0,12.0,71.0,8.0
1098.11,1,Huskies,Huskies_D3,Huskies_D4,1H,Pass,Simple pass,71.0,8.0,72.0,7.0
1098.9,1,Huskies,Huskies_D4,,1H,Duel,Ground attacking duel,72.0,7.0,72.0,0.0
1099.28,1,Opponent1,Opponent1_M2,,1H,Duel,Ground defending duel,28.0,93.0,28.0,100.0
1111.8,1,Huskies,Huskies_D4,,1H,Free Kick,Throw in,72.0,0.0,58.0,8.0
1114.35,1,Huskies,Huskies_D3,Huskies_D1,1H,Pass,Simple pass,58.0,8.0,41.0,73.0
1116.54,1,Huskies,Huskies_D1,,1H,Others on the ball,Touch,41.0,73.0,66.0,92.0
1121.54,1,Huskies,Huskies_D1,,1H,Pass,High pass,66.0,92.0,76.0,67.0
1122.78,1,Opponent1,Opponent1_D4,,1H,Pass,Head pass,24.0,33.0,38.0,38.0
1124.06,1,Huskies,Huskies_M3,Huskies_M1,1H,Pass,Simple pass,62.0,62.0,62.0,72.0
1128.9,1,Huskies,Huskies_M1,Huskies_F2,1H,Pass,Simple pass,62.0,72.0,70.0,78.0
1129.81,1,Huskies,Huskies_F2,Huskies_M1,1H,Pass,Simple pass,70.0,78.0,74.0,60.0
1130.6,1,Huskies,Huskies_M1,,1H,Pass,Simple pass,74.0,60.0,75.0,28.0
1132.28,1,Opponent1,Opponent1_F3,,1H,Others on the ball,Clearance,25.0,72.0,44.0,13.0
1136.46,1,Opponent1,Opponent1_F1,,1H,Duel,Air duel,44.0,13.0,29.0,8.0
1137.39,1,Huskies,Huskies_D1,,1H,Duel,Air duel,56.0,87.0,71.0,92.0
1138.95,1,Opponent1,Opponent1_D1,,1H,Pass,Simple pass,29.0,8.0,21.0,0.0
1144.2,1,Huskies,Huskies_F1,,1H,Free Kick,Throw in,68.0,100.0,65.0,96.0
1145.63,1,Huskies,Huskies_M1,Huskies_F1,1H,Pass,Simple pass,65.0,96.0,70.0,98.0
1148.5,1,Huskies,Huskies_F1,Huskies_F2,1H,Pass,Simple pass,70.0,98.0,68.0,83.0
1150.56,1,Huskies,Huskies_F2,Huskies_D3,1H,Pass,Simple pass,68.0,83.0,66.0,38.0
1154.05,1,Huskies,Huskies_D3,Huskies_D4,1H,Pass,Simple pass,66.0,38.0,79.0,4.0
1156.67,1,Huskies,Huskies_D4,,1H,Pass,Simple pass,79.0,4.0,74.0,6.0
1157.38,1,Opponent1,Opponent1_F3,,1H,Others on the ball,Touch,26.0,94.0,25.0,82.0
1158.77,1,Opponent1,Opponent1_M2,,1H,Duel,Ground loose ball duel,25.0,82.0,21.0,83.0
1159.52,1,Huskies,Huskies_M2,,1H,Others on the ball,Touch,79.0,17.0,77.0,0.0
1176.09,1,Opponent1,Opponent1_D3,,1H,Free Kick,Throw in,26.0,100.0,61.0,94.0
1178.77,1,Opponent1,Opponent1_F1,,1H,Duel,Ground attacking duel,61.0,94.0,60.0,96.0
1179.74,1,Huskies,Huskies_D3,,1H,Duel,Ground defending duel,39.0,6.0,40.0,4.0
1179.79,1,Opponent1,Opponent1_F1,,1H,Pass,Simple pass,60.0,96.0,43.0,93.0
1181.01,1,Huskies,Huskies_M2,,1H,Duel,Ground defending duel,57.0,7.0,70.0,8.0
1181.45,1,Opponent1,Opponent1_M3,,1H,Duel,Ground attacking duel,43.0,93.0,30.0,92.0
1184.2,1,Huskies,Huskies_M2,Huskies_M1,1H,Pass,Simple pass,70.0,8.0,65.0,61.0
1186.57,1,Huskies,Huskies_M1,,1H,Duel,Ground attacking duel,65.0,61.0,79.0,72.0
1187.16,1,Opponent1,Opponent1_F2,,1H,Duel,Ground defending duel,35.0,39.0,21.0,28.0
1190.19,1,Huskies,Huskies_M1,,1H,Shot,Shot,79.0,72.0,0.0,0.0
1192.87,1,Opponent1,Opponent1_G1,,1H,Save attempt,Save attempt,100.0,100.0,21.0,28.0
1212.75,1,Opponent1,Opponent1_D2,Opponent1_G1,1H,Pass,Simple pass,33.0,14.0,18.0,55.0
1228.92,1,Opponent1,Opponent1_G1,Opponent1_F3,1H,Pass,Launch,18.0,55.0,76.0,88.0
1231.44,1,Opponent1,Opponent1_F3,,1H,Duel,Air duel,76.0,88.0,77.0,76.0
1231.62,1,Huskies,Huskies_D3,,1H,Duel,Air duel,24.0,12.0,23.0,24.0
1232.81,1,Opponent1,Opponent1_F1,,1H,Pass,Head pass,77.0,76.0,72.0,81.0
1234.89,1,Huskies,Huskies_M3,Huskies_D4,1H,Pass,Simple pass,28.0,19.0,19.0,5.0
1237.06,1,Huskies,Huskies_D4,Huskies_D2,1H,Pass,Simple pass,19.0,5.0,21.0,39.0
1240.2,1,Huskies,Huskies_D2,Huskies_D1,1H,Pass,Simple pass,21.0,39.0,27.0,76.0
1243.28,1,Huskies,Huskies_D1,Huskies_M1,1H,Pass,Simple pass,27.0,76.0,40.0,96.0
1246.98,1,Huskies,Huskies_M1,Huskies_F1,1H,Pass,High pass,40.0,96.0,74.0,98.0
1250.07,1,Huskies,Huskies_F1,,1H,Offside,,74.0,98.0,0.0,0.0
1281.58,1,Opponent1,Opponent1_G1,,1H,Free Kick,Free Kick,27.0,13.0,78.0,47.0
1283.91,1,Opponent1,Opponent1_F1,,1H,Duel,Air duel,78.0,47.0,71.0,48.0
1284.8,1,Huskies,Huskies_D2,,1H,Duel,Air duel,22.0,53.0,29.0,52.0
1285.76,1,Huskies,Huskies_M2,Huskies_G1,1H,Pass,Head pass,29.0,52.0,12.0,43.0
1299.23,1,Huskies,Huskies_G1,Huskies_M1,1H,Pass,High pass,12.0,43.0,44.0,81.0
1304.93,1,Huskies,Huskies_M1,Huskies_F2,1H,Pass,Simple pass,44.0,81.0,49.0,75.0
1306.59,1,Huskies,Huskies_F2,Huskies_D1,1H,Pass,Simple pass,49.0,75.0,34.0,80.0
1308.75,1,Huskies,Huskies_D1,Huskies_D2,1H,Pass,Simple pass,34.0,80.0,28.0,51.0
1311.03,1,Huskies,Huskies_D2,Huskies_D3,1H,Pass,Simple pass,28.0,51.0,38.0,24.0
1314.93,1,Huskies,Huskies_D3,Huskies_M1,1H,Pass,Simple pass,38.0,24.0,42.0,67.0
1317.25,1,Huskies,Huskies_M1,Huskies_F2,1H,Pass,Simple pass,42.0,67.0,54.0,92.0
1318.78,1,Huskies,Huskies_F2,Huskies_M1,1H,Pass,Simple pass,54.0,92.0,61.0,79.0
1319.69,1,Huskies,Huskies_M1,,1H,Pass,Simple pass,61.0,79.0,69.0,94.0
1321.84,1,Opponent1,Opponent1_D1,,1H,Duel,Ground defending duel,31.0,6.0,27.0,8.0
1322.26,1,Huskies,Huskies_F1,,1H,Duel,Ground attacking duel,69.0,94.0,73.0,92.0
1323.49,1,Opponent1,Opponent1_D1,,1H,Others on the ball,Touch,27.0,8.0,30.0,2.0
1323.78,1,Huskies,Huskies_F1,Huskies_F2,1H,Pass,Simple pass,70.0,98.0,72.0,100.0
1333.81,1,Huskies,Huskies_F2,,1H,Free Kick,Throw in,71.0,100.0,60.0,92.0
1336.83,1,Huskies,Huskies_F3,Huskies_D2,1H,Pass,Simple pass,60.0,92.0,53.0,78.0
1338.62,1,Huskies,Huskies_D2,Huskies_D3,1H,Pass,Simple pass,53.0,78.0,61.0,18.0
1342.79,1,Huskies,Huskies_D3,Huskies_M3,1H,Pass,Simple pass,61.0,18.0,55.0,51.0
1347.36,1,Huskies,Huskies_M3,Huskies_M1,1H,Pass,Simple pass,55.0,51.0,51.0,68.0
1351.19,1,Huskies,Huskies_M1,Huskies_D1,1H,Pass,Simple pass,51.0,68.0,62.0,99.0
1355.64,1,Huskies,Huskies_D1,Huskies_M1,1H,Pass,Simple pass,62.0,99.0,58.0,93.0
1357.8,1,Huskies,Huskies_M1,Huskies_D2,1H,Pass,Simple pass,58.0,93.0,45.0,60.0
1360.51,1,Huskies,Huskies_D2,Huskies_D3,1H,Pass,Simple pass,45.0,60.0,53.0,29.0
1364.55,1,Huskies,Huskies_D3,Huskies_M2,1H,Pass,Simple pass,53.0,29.0,65.0,22.0
1365.51,1,Huskies,Huskies_M2,Huskies_M3,1H,Pass,Simple pass,65.0,22.0,59.0,37.0
1366.28,1,Huskies,Huskies_M3,,1H,Duel,Ground attacking duel,59.0,37.0,60.0,33.0
1367.82,1,Huskies,Huskies_M3,Huskies_M2,1H,Pass,Simple pass,60.0,33.0,57.0,23.0
1368.15,1,Huskies,Huskies_M2,Huskies_M3,1H,Pass,Simple pass,57.0,23.0,68.0,7.0
1371.36,1,Huskies,Huskies_M3,Huskies_D3,1H,Pass,Simple pass,68.0,7.0,51.0,20.0
1373.94,1,Huskies,Huskies_D3,Huskies_D2,1H,Pass,Simple pass,51.0,20.0,47.0,56.0
1377.04,1,Huskies,Huskies_D2,Huskies_D1,1H,Pass,Simple pass,47.0,56.0,60.0,87.0
1380.19,1,Huskies,Huskies_D1,Huskies_F1,1H,Pass,Simple pass,60.0,87.0,68.0,97.0
1382.38,1,Huskies,Huskies_F1,Huskies_D1,1H,Pass,Simple pass,68.0,97.0,89.0,96.0
1384.76,1,Huskies,Huskies_D1,Huskies_D4,1H,Pass,Cross,89.0,96.0,98.0,3.0
1389.65,1,Huskies,Huskies_D4,,1H,Pass,Simple pass,98.0,3.0,95.0,7.0
1390.2,1,Opponent1,Opponent1_F3,,1H,Others on the ball,Touch,5.0,93.0,6.0,100.0
1394.91,1,Huskies,Huskies_D4,,1H,Free Kick,Throw in,96.0,0.0,94.0,24.0
1397.87,1,Opponent1,Opponent1_D4,,1H,Duel,Ground defending duel,6.0,76.0,3.0,78.0
1398.22,1,Huskies,Huskies_F3,,1H,Duel,Ground attacking duel,94.0,24.0,97.0,22.0
1399.36,1,Huskies,Huskies_F3,,1H,Pass,Cross,97.0,22.0,0.0,0.0
1401.32,1,Opponent1,Opponent1_D3,,1H,Others on the ball,Touch,4.0,75.0,0.0,76.0
1427.44,1,Huskies,Huskies_F2,,1H,Free Kick,Corner,100.0,0.0,83.0,59.0
1430.88,1,Huskies,Huskies_M1,,1H,Shot,Shot,83.0,59.0,0.0,0.0
1467.21,1,Opponent1,Opponent1_G1,,1H,Free Kick,Goal kick,100.0,100.0,53.0,96.0
1472.29,1,Opponent1,Opponent1_F3,,1H,Pass,Head pass,53.0,96.0,56.0,73.0
1474.61,1,Huskies,Huskies_M3,,1H,Pass,Head pass,44.0,27.0,57.0,20.0
1475.01,1,Opponent1,Opponent1_D3,,1H,Duel,Air duel,43.0,80.0,53.0,71.0
1475.27,1,Huskies,Huskies_F3,,1H,Duel,Air duel,57.0,20.0,47.0,29.0
1476.61,1,Huskies,Huskies_M3,,1H,Pass,Head pass,47.0,29.0,65.0,52.0
1477.68,1,Opponent1,Opponent1_D2,,1H,Pass,Launch,35.0,48.0,50.0,87.0
1480.76,1,Huskies,Huskies_M2,Huskies_D4,1H,Pass,Simple pass,50.0,13.0,50.0,7.0
1482.47,1,Huskies,Huskies_D4,Huskies_D3,1H,Pass,Simple pass,50.0,7.0,39.0,15.0
1483.23,1,Huskies,Huskies_D3,,1H,Pass,High pass,39.0,15.0,71.0,8.0
1485.47,1,Opponent1,Opponent1_D3,,1H,Others on the ball,Clearance,29.0,92.0,43.0,100.0
1495.31,1,Huskies,Huskies_D3,,1H,Free Kick,Throw in,42.0,0.0,57.0,10.0
1497.02,1,Huskies,Huskies_F3,Huskies_D3,1H,Pass,Simple pass,57.0,10.0,53.0,5.0
1497.83,1,Huskies,Huskies_D3,,1H,Pass,High pass,53.0,5.0,77.0,0.0
1511.15,1,Opponent1,Opponent1_D3,,1H,Free Kick,Throw in,30.0,100.0,57.0,90.0
1513.32,1,Huskies,Huskies_D4,,1H,Duel,Ground loose ball duel,43.0,10.0,36.0,8.0
1513.54,1,Opponent1,Opponent1_F3,,1H,Duel,Ground loose ball duel,57.0,90.0,64.0,92.0
1514.34,1,Opponent1,Opponent1_F3,,1H,Pass,Head pass,64.0,92.0,73.0,91.0
1516.22,1,Huskies,Huskies_D2,,1H,Duel,Ground defending duel,27.0,9.0,24.0,0.0
1516.36,1,Opponent1,Opponent1_F1,,1H,Duel,Ground attacking duel,73.0,91.0,76.0,100.0
1534.65,1,Huskies,Huskies_D4,,1H,Free Kick,Throw in,24.0,0.0,11.0,18.0
1539.32,1,Huskies,Huskies_D3,Huskies_G1,1H,Pass,Simple pass,11.0,18.0,3.0,33.0
1542.46,1,Huskies,Huskies_G1,Huskies_F1,1H,Pass,High pass,3.0,33.0,39.0,98.0
1546.45,1,Huskies,Huskies_F1,,1H,Pass,Simple pass,39.0,98.0,44.0,64.0
1548.21,1,Opponent1,Opponent1_M1,,1H,Duel,Ground defending duel,56.0,36.0,54.0,15.0
1548.61,1,Huskies,Huskies_M1,,1H,Duel,Ground attacking duel,46.0,85.0,44.0,64.0
1549.97,1,Opponent1,Opponent1_M1,,1H,Foul,Foul,56.0,36.0,54.0,15.0
1563.57,1,Huskies,Huskies_F2,Huskies_M3,1H,Pass,Simple pass,53.0,75.0,41.0,75.0
1565.58,1,Huskies,Huskies_M3,Huskies_D1,1H,Pass,Simple pass,41.0,75.0,35.0,79.0
1566.8,1,Huskies,Huskies_D1,Huskies_D2,1H,Pass,Simple pass,35.0,79.0,31.0,47.0
1569.29,1,Huskies,Huskies_D2,Huskies_D3,1H,Pass,Simple pass,31.0,47.0,43.0,12.0
1573.21,1,Huskies,Huskies_D3,Huskies_M2,1H,Pass,Simple pass,43.0,12.0,61.0,17.0
1574.78,1,Huskies,Huskies_M2,Huskies_D3,1H,Pass,Simple pass,61.0,17.0,58.0,39.0
1577.21,1,Huskies,Huskies_D3,Huskies_M1,1H,Pass,Simple pass,58.0,39.0,47.0,71.0
1587.21,1,Huskies,Huskies_M1,Huskies_M3,1H,Pass,Simple pass,47.0,71.0,40.0,81.0
1589.2,1,Huskies,Huskies_M3,Huskies_D2,1H,Pass,Simple pass,40.0,81.0,48.0,31.0
1591.55,1,Huskies,Huskies_D2,Huskies_F2,1H,Pass,Simple pass,48.0,31.0,48.0,26.0
1598.03,1,Huskies,Huskies_F2,Huskies_D3,1H,Pass,Simple pass,48.0,26.0,66.0,7.0
1600.52,1,Huskies,Huskies_D3,,1H,Pass,Simple pass,66.0,7.0,75.0,0.0
1623.78,1,Opponent1,Opponent1_D3,,1H,Free Kick,Throw in,30.0,100.0,44.0,63.0
1627.83,1,Opponent1,Opponent1_D2,,1H,Pass,High pass,44.0,63.0,66.0,53.0
1629.67,1,Huskies,Huskies_D1,,1H,Pass,Head pass,34.0,47.0,47.0,45.0
1631.22,1,Opponent1,Opponent1_D2,,1H,Duel,Ground defending duel,53.0,55.0,53.0,58.0
1631.65,1,Huskies,Huskies_M1,,1H,Duel,Ground attacking duel,47.0,45.0,47.0,42.0
1633.13,1,Huskies,Huskies_M1,Huskies_F2,1H,Pass,Simple pass,47.0,42.0,56.0,34.0
1633.76,1,Huskies,Huskies_F2,,1H,Others on the ball,Touch,56.0,34.0,71.0,25.0
1637.29,1,Huskies,Huskies_F2,Huskies_D4,1H,Pass,Simple pass,71.0,25.0,80.0,5.0
1640.15,1,Huskies,Huskies_D4,Huskies_F2,1H,Pass,Simple pass,80.0,5.0,74.0,25.0
1641.94,1,Huskies,Huskies_F2,,1H,Duel,Ground attacking duel,74.0,25.0,71.0,26.0
1642.56,1,Opponent1,Opponent1_M1,,1H,Duel,Ground defending duel,26.0,75.0,29.0,74.0
1642.99,1,Opponent1,Opponent1_M2,,1H,Duel,Ground loose ball duel,29.0,74.0,30.0,70.0
1643.37,1,Huskies,Huskies_F2,,1H,Duel,Ground loose ball duel,71.0,26.0,70.0,30.0
1644.49,1,Huskies,Huskies_F2,,1H,Duel,Ground loose ball duel,70.0,30.0,62.0,25.0
1644.82,1,Opponent1,Opponent1_M3,,1H,Duel,Ground loose ball duel,30.0,70.0,38.0,75.0
1645.88,1,Huskies,Huskies_M3,,1H,Duel,Ground loose ball duel,62.0,25.0,67.0,24.0
1646.6,1,Opponent1,Opponent1_M2,,1H,Duel,Ground loose ball duel,38.0,75.0,33.0,76.0
1647.25,1,Huskies,Huskies_M1,,1H,Duel,Ground attacking duel,67.0,24.0,68.0,22.0
1648.12,1,Opponent1,Opponent1_M3,,1H,Duel,Ground defending duel,33.0,76.0,32.0,78.0
1648.67,1,Opponent1,Opponent1_M1,,1H,Duel,Ground attacking duel,32.0,78.0,40.0,90.0
1649.71,1,Huskies,Huskies_M3,,1H,Duel,Ground defending duel,68.0,22.0,60.0,10.0
1650.41,1,Opponent1,Opponent1_M1,,1H,Pass,Simple pass,40.0,90.0,91.0,73.0
1657.17,1,Huskies,Huskies_G1,Huskies_D1,1H,Pass,Hand pass,9.0,27.0,38.0,81.0
1665.27,1,Huskies,Huskies_D1,Huskies_D2,1H,Pass,Simple pass,38.0,81.0,33.0,54.0
1669.64,1,Huskies,Huskies_D2,Huskies_D1,1H,Pass,Simple pass,33.0,54.0,39.0,80.0
1671.45,1,Huskies,Huskies_D1,Huskies_F2,1H,Pass,Simple pass,39.0,80.0,51.0,93.0
1673.21,1,Huskies,Huskies_F2,Huskies_D1,1H,Pass,Simple pass,51.0,93.0,42.0,85.0
1677.42,1,Huskies,Huskies_D1,Huskies_D2,1H,Pass,Simple pass,42.0,85.0,35.0,57.0
1679.75,1,Huskies,Huskies_D2,Huskies_D3,1H,Pass,Simple pass,35.0,57.0,46.0,19.0
1683.93,1,Huskies,Huskies_D3,Huskies_D4,1H,Pass,Simple pass,46.0,19.0,49.0,5.0
1685.59,1,Huskies,Huskies_D4,Huskies_M3,1H,Pass,Simple pass,49.0,5.0,55.0,18.0
1687.03,1,Huskies,Huskies_M3,Huskies_M2,1H,Pass,Simple pass,55.0,18.0,57.0,13.0
1688.52,1,Huskies,Huskies_M2,Huskies_D4,1H,Pass,Simple pass,57.0,13.0,50.0,6.0
1691.41,1,Huskies,Huskies_D4,,1H,Pass,Simple pass,50.0,6.0,62.0,28.0
1693.23,1,Opponent1,Opponent1_M1,Opponent1_M2,1H,Pass,Simple pass,38.0,72.0,62.0,67.0
1694.38,1,Opponent1,Opponent1_M2,,1H,Others on the ball,Acceleration,62.0,67.0,75.0,31.0
1698.91,1,Opponent1,Opponent1_M2,,1H,Duel,Ground attacking duel,75.0,31.0,77.0,24.0
1700.42,1,Huskies,Huskies_M1,,1H,Duel,Ground defending duel,25.0,69.0,23.0,76.0
1704.04,1,Huskies,Huskies_M2,Huskies_F1,1H,Pass,Simple pass,23.0,76.0,47.0,96.0
1710.06,1,Huskies,Huskies_F1,,1H,Pass,Simple pass,47.0,96.0,55.0,86.0
1711.03,1,Opponent1,Opponent1_M3,,1H,Duel,Ground defending duel,45.0,14.0,44.0,16.0
1711.54,1,Huskies,Huskies_F2,,1H,Duel,Ground attacking duel,55.0,86.0,56.0,84.0
1713.28,1,Opponent1,Opponent1_M3,,1H,Foul,Foul,44.0,16.0,45.0,14.0
1746.9,1,Huskies,Huskies_M1,Huskies_M3,1H,Pass,Simple pass,56.0,75.0,54.0,40.0
1750.19,1,Huskies,Huskies_M3,Huskies_D3,1H,Pass,Simple pass,54.0,40.0,59.0,13.0
1754.9,1,Huskies,Huskies_D3,Huskies_D2,1H,Pass,Simple pass,59.0,13.0,59.0,52.0
1757.48,1,Huskies,Huskies_D2,Huskies_F2,1H,Pass,Simple pass,59.0,52.0,63.0,87.0
1759.91,1,Huskies,Huskies_F2,,1H,Pass,Smart pass,63.0,87.0,99.0,74.0
1781.34,1,Opponent1,Opponent1_G1,,1H,Free Kick,Goal kick,100.0,100.0,79.0,14.0
1791.1,1,Opponent1,Opponent1_F1,Opponent1_F2,1H,Pass,Simple pass,79.0,14.0,68.0,18.0
1794.18,1,Opponent1,Opponent1_F2,Opponent1_D4,1H,Pass,Simple pass,68.0,18.0,51.0,49.0
1797.15,1,Opponent1,Opponent1_D4,Opponent1_M1,1H,Pass,Simple pass,51.0,49.0,54.0,57.0
1799.1,1,Opponent1,Opponent1_M1,Opponent1_F1,1H,Pass,High pass,54.0,57.0,90.0,15.0
1804.67,1,Opponent1,Opponent1_F1,Opponent1_D1,1H,Pass,Simple pass,90.0,15.0,73.0,8.0
1808.43,1,Opponent1,Opponent1_D1,Opponent1_F2,1H,Pass,Simple pass,73.0,8.0,82.0,23.0
1809.84,1,Opponent1,Opponent1_F2,,1H,Duel,Ground attacking duel,82.0,23.0,91.0,24.0
1810.21,1,Huskies,Huskies_M3,,1H,Duel,Ground defending duel,18.0,77.0,9.0,76.0
1812.95,1,Huskies,Huskies_D2,Huskies_G1,1H,Pass,Simple pass,9.0,76.0,8.0,51.0
1822.71,1,Huskies,Huskies_G1,Huskies_M1,1H,Pass,High pass,8.0,51.0,37.0,97.0
1826.66,1,Huskies,Huskies_M1,Huskies_D1,1H,Pass,Simple pass,37.0,97.0,23.0,88.0
1829.7,1,Huskies,Huskies_D1,Huskies_D2,1H,Pass,Simple pass,23.0,88.0,30.0,56.0
1832.54,1,Huskies,Huskies_D2,Huskies_D3,1H,Pass,Simple pass,30.0,56.0,32.0,15.0
1836.67,1,Huskies,Huskies_D3,Huskies_M3,1H,Pass,Simple pass,32.0,15.0,31.0,30.0
1838.56,1,Huskies,Huskies_M3,Huskies_D2,1H,Pass,Simple pass,31.0,30.0,24.0,66.0
1841.35,1,Huskies,Huskies_D2,Huskies_D1,1H,Pass,Simple pass,24.0,66.0,29.0,87.0
1842.51,1,Huskies,Huskies_D1,,1H,Others on the ball,Touch,29.0,87.0,49.0,89.0
1846.85,1,Huskies,Huskies_D1,Huskies_M1,1H,Pass,Simple pass,49.0,89.0,60.0,96.0
1848.0,1,Huskies,Huskies_M1,Huskies_D1,1H,Pass,Simple pass,60.0,96.0,59.0,88.0
1851.74,1,Huskies,Huskies_D1,Huskies_M1,1H,Pass,Simple pass,59.0,88.0,59.0,96.0
1855.77,1,Huskies,Huskies_M1,Huskies_F1,1H,Pass,Simple pass,59.0,96.0,65.0,97.0
1857.83,1,Huskies,Huskies_F1,Huskies_M1,1H,Pass,Simple pass,65.0,97.0,35.0,98.0
1860.4,1,Huskies,Huskies_M1,Huskies_D1,1H,Pass,Simple pass,35.0,98.0,42.0,75.0
1863.16,1,Huskies,Huskies_D1,Huskies_D2,1H,Pass,Simple pass,42.0,75.0,36.0,49.0
1867.03,1,Huskies,Huskies_D2,Huskies_D3,1H,Pass,Simple pass,36.0,49.0,43.0,7.0
1871.08,1,Huskies,Huskies_D3,Huskies_F2,1H,Pass,Simple pass,43.0,7.0,62.0,15.0
1877.42,1,Huskies,Huskies_F2,Huskies_D3,1H,Pass,Simple pass,62.0,15.0,46.0,15.0
1880.03,1,Huskies,Huskies_D3,Huskies_M1,1H,Pass,Simple pass,46.0,15.0,52.0,50.0
1882.43,1,Huskies,Huskies_M1,,1H,Pass,High pass,52.0,50.0,84.0,37.0
1884.77,1,Opponent1,Opponent1_D4,,1H,Pass,Head pass,16.0,63.0,42.0,44.0
1888.72,1,Huskies,Huskies_M3,Huskies_D1,1H,Pass,Simple pass,58.0,56.0,58.0,90.0
1893.36,1,Huskies,Huskies_D1,Huskies_M3,1H,Pass,Simple pass,58.0,90.0,59.0,71.0
1897.04,1,Huskies,Huskies_M3,Huskies_D1,1H,Pass,Simple pass,59.0,71.0,59.0,97.0
1899.28,1,Huskies,Huskies_D1,,1H,Pass,Simple pass,59.0,97.0,61.0,83.0
1899.71,1,Opponent1,Opponent1_F2,,1H,Others on the ball,Touch,39.0,17.0,36.0,17.0
1900.77,1,Opponent1,Opponent1_F2,,1H,Duel,Ground loose ball duel,36.0,17.0,39.0,9.0
1901.81,1,Huskies,Huskies_D1,,1H,Pass,Simple pass,61.0,91.0,61.0,72.0
1904.28,1,Opponent1,Opponent1_M3,,1H,Duel,Ground defending duel,39.0,28.0,39.0,38.0
1904.73,1,Huskies,Huskies_M1,,1H,Duel,Ground attacking duel,61.0,72.0,61.0,62.0
1905.8,1,Opponent1,Opponent1_M3,,1H,Foul,Foul,39.0,38.0,39.0,28.0
1950.13,1,Huskies,Huskies_F2,,1H,Free Kick,Free kick cross,64.0,79.0,99.0,44.0
1985.54,1,Opponent1,Opponent1_G1,,1H,Free Kick,Goal kick,100.0,100.0,64.0,76.0
1988.98,1,Opponent1,Opponent1_F1,,1H,Duel,Air duel,64.0,76.0,91.0,93.0
1989.18,1,Huskies,Huskies_M3,,1H,Duel,Air duel,36.0,24.0,9.0,7.0
1999.18,1,Opponent1,Opponent1_M2,Opponent1_M1,1H,Pass,Simple pass,91.0,93.0,84.0,92.0
2001.42,1,Opponent1,Opponent1_M1,,1H,Pass,Cross,84.0,92.0,90.0,67.0
2002.81,1,Huskies,Huskies_M3,,1H,Others on the ball,Clearance,10.0,33.0,0.0,31.0
2025.48,1,Opponent1,Opponent1_M2,,1H,Free Kick,Corner,100.0,100.0,96.0,61.0
2027.8,1,Opponent1,Opponent1_D2,,1H,Duel,Air duel,96.0,61.0,76.0,84.0
2028.37,1,Huskies,Huskies_F2,,1H,Duel,Air duel,4.0,39.0,24.0,16.0
2031.63,1,Huskies,Huskies_F3,,1H,Duel,Ground attacking duel,24.0,16.0,22.0,19.0
2033.79,1,Opponent1,Opponent1_F2,Opponent1_D1,1H,Pass,Simple pass,78.0,81.0,53.0,54.0
2037.29,1,Opponent1,Opponent1_D1,Opponent1_M3,1H,Pass,Simple pass,53.0,54.0,58.0,34.0
2039.79,1,Opponent1,Opponent1_M3,,1H,Pass,High pass,58.0,34.0,83.0,70.0
2043.51,1,Huskies,Huskies_D2,,1H,Others on the ball,Touch,17.0,30.0,20.0,31.0
2045.3,1,Opponent1,Opponent1_F3,,1H,Duel,Ground attacking duel,80.0,69.0,83.0,73.0
2045.72,1,Huskies,Huskies_D2,,1H,Duel,Ground defending duel,20.0,31.0,17.0,27.0
2046.09,1,Opponent1,Opponent1_F3,,1H,Shot,Shot,83.0,73.0,100.0,100.0
2072.2,1,Huskies,Huskies_G1,,1H,Free Kick,Goal kick,0.0,0.0,69.0,90.0
2074.74,1,Opponent1,Opponent1_D1,,1H,Duel,Air duel,31.0,10.0,38.0,21.0
2075.5,1,Huskies,Huskies_F1,,1H,Duel,Air duel,69.0,90.0,62.0,79.0
2076.88,1,Huskies,Huskies_F2,,1H,Duel,Ground defending duel,62.0,79.0,70.0,84.0
2076.98,1,Opponent1,Opponent1_M3,,1H,Duel,Ground attacking duel,38.0,21.0,30.0,16.0
2078.86,1,Opponent1,Opponent1_M3,Opponent1_D2,1H,Pass,Simple pass,30.0,16.0,14.0,25.0
2080.27,1,Opponent1,Opponent1_D2,Opponent1_F1,1H,Pass,High pass,14.0,25.0,54.0,28.0
2083.26,1,Opponent1,Opponent1_F1,,1H,Duel,Ground attacking duel,54.0,28.0,62.0,29.0
2084.21,1,Huskies,Huskies_D2,,1H,Duel,Ground defending duel,46.0,72.0,38.0,71.0
2084.6,1,Opponent1,Opponent1_F1,,1H,Duel,Ground loose ball duel,62.0,29.0,62.0,12.0
2086.79,1,Opponent1,Opponent1_F2,,1H,Others on the ball,Acceleration,62.0,12.0,81.0,22.0
2089.64,1,Opponent1,Opponent1_F2,,1H,Duel,Ground attacking duel,81.0,22.0,88.0,24.0
2090.38,1,Huskies,Huskies_D1,,1H,Duel,Ground defending duel,19.0,78.0,12.0,76.0
2091.07,1,Opponent1,Opponent1_F2,,1H,Shot,Shot,88.0,24.0,100.0,100.0
2114.87,1,Huskies,Huskies_G1,,1H,Free Kick,Goal kick,0.0,0.0,39.0,96.0
2118.76,1,Huskies,Huskies_M1,Huskies_M3,1H,Pass,Simple pass,39.0,96.0,43.0,88.0
2119.15,1,Huskies,Huskies_M3,Huskies_M1,1H,Pass,Simple pass,43.0,88.0,38.0,91.0
2120.05,1,Huskies,Huskies_M1,Huskies_D2,1H,Pass,Simple pass,38.0,91.0,27.0,57.0
2121.2,1,Huskies,Huskies_D2,Huskies_D1,1H,Pass,Simple pass,27.0,57.0,27.0,90.0
2123.42,1,Huskies,Huskies_D1,Huskies_D3,1H,Pass,High pass,27.0,90.0,31.0,13.0
2127.43,1,Huskies,Huskies_D3,,1H,Others on the ball,Clearance,31.0,13.0,74.0,0.0
2146.37,1,Opponent1,Opponent1_D3,,1H,Free Kick,Throw in,29.0,100.0,61.0,95.0
2150.35,1,Huskies,Huskies_M3,,1H,Pass,Head pass,39.0,5.0,40.0,20.0
2152.26,1,Opponent1,Opponent1_M2,,1H,Duel,Ground attacking duel,60.0,80.0,58.0,82.0
2152.43,1,Huskies,Huskies_M2,,1H,Duel,Ground defending duel,40.0,20.0,42.0,18.0
2153.82,1,Opponent1,Opponent1_M2,,1H,Duel,Ground attacking duel,58.0,82.0,59.0,82.0
2154.22,1,Huskies,Huskies_M3,,1H,Duel,Ground defending duel,42.0,18.0,41.0,18.0
2154.57,1,Huskies,Huskies_M2,,1H,Duel,Ground defending duel,41.0,18.0,42.0,18.0
2155.64,1,Opponent1,Opponent1_M2,,1H,Duel,Ground attacking duel,59.0,82.0,58.0,82.0
2156.89,1,Huskies,Huskies_M2,Huskies_M3,1H,Pass,Simple pass,42.0,18.0,44.0,23.0
2157.85,1,Huskies,Huskies_M3,,1H,Pass,High pass,44.0,23.0,70.0,22.0
2160.65,1,Opponent1,Opponent1_D3,Opponent1_D2,1H,Pass,Simple pass,30.0,78.0,31.0,30.0
2164.44,1,Opponent1,Opponent1_D2,Opponent1_D1,1H,Pass,Simple pass,31.0,30.0,34.0,14.0
2169.75,1,Opponent1,Opponent1_D1,Opponent1_F2,1H,Pass,Simple pass,34.0,14.0,42.0,9.0
2171.98,1,Opponent1,Opponent1_F2,Opponent1_D2,1H,Pass,Simple pass,42.0,9.0,43.0,6.0
2176.52,1,Opponent1,Opponent1_D2,,1H,Pass,High pass,43.0,6.0,64.0,9.0
2176.82,1,Huskies,Huskies_D2,,1H,Duel,Ground loose ball duel,36.0,91.0,34.0,95.0
2179.71,1,Huskies,Huskies_D2,Huskies_F1,1H,Pass,Head pass,34.0,95.0,26.0,99.0
2183.02,1,Huskies,Huskies_F1,Huskies_D1,1H,Pass,Simple pass,26.0,99.0,27.0,90.0
2184.71,1,Huskies,Huskies_D1,Huskies_D2,1H,Pass,Simple pass,27.0,90.0,19.0,73.0
2187.71,1,Huskies,Huskies_D2,Huskies_D3,1H,Pass,Simple pass,19.0,73.0,20.0,24.0
2190.1,1,Huskies,Huskies_D3,Huskies_M3,1H,Pass,Simple pass,20.0,24.0,33.0,53.0
2191.7,1,Huskies,Huskies_M3,,1H,Others on the ball,Touch,33.0,53.0,59.0,28.0
2198.16,1,Huskies,Huskies_M3,Huskies_M2,1H,Pass,Simple pass,59.0,28.0,55.0,12.0
2200.73,1,Huskies,Huskies_M2,,1H,Pass,Simple pass,55.0,12.0,66.0,37.0
2203.71,1,Opponent1,Opponent1_M3,Opponent1_F2,1H,Pass,Simple pass,34.0,63.0,42.0,37.0
2206.01,1,Opponent1,Opponent1_F2,,1H,Duel,Ground attacking duel,42.0,37.0,47.0,53.0
2206.07,1,Huskies,Huskies_M1,,1H,Duel,Ground defending duel,58.0,63.0,53.0,47.0
2207.64,1,Opponent1,Opponent1_F2,Opponent1_M1,1H,Pass,Simple pass,47.0,53.0,47.0,64.0
2210.24,1,Opponent1,Opponent1_M1,Opponent1_D1,1H,Pass,High pass,47.0,64.0,99.0,16.0
2215.15,1,Opponent1,Opponent1_D1,,1H,Pass,Cross,99.0,16.0,96.0,28.0
2218.92,1,Huskies,Huskies_D1,Huskies_M2,1H,Pass,Simple pass,4.0,72.0,21.0,69.0
2220.4,1,Huskies,Huskies_M2,,1H,Others on the ball,Touch,21.0,69.0,44.0,65.0
2223.95,1,Huskies,Huskies_M2,Huskies_M3,1H,Pass,Simple pass,44.0,65.0,36.0,54.0
2226.61,1,Huskies,Huskies_M3,Huskies_F2,1H,Pass,Simple pass,36.0,54.0,44.0,52.0
2229.78,1,Huskies,Huskies_F2,,1H,Pass,High pass,44.0,52.0,80.0,85.0
2232.64,1,Opponent1,Opponent1_D2,,1H,Others on the ball,Clearance,20.0,15.0,25.0,0.0
2252.05,1,Huskies,Huskies_M1,,1H,Free Kick,Throw in,66.0,100.0,75.0,85.0
2253.36,1,Huskies,Huskies_F3,,1H,Duel,Ground attacking duel,75.0,85.0,75.0,78.0
2254.36,1,Opponent1,Opponent1_M1,,1H,Others on the ball,Touch,25.0,22.0,26.0,16.0
2255.05,1,Huskies,Huskies_F3,,1H,Duel,Ground defending duel,74.0,84.0,80.0,71.0
2255.39,1,Opponent1,Opponent1_M1,,1H,Duel,Ground defending duel,25.0,15.0,20.0,29.0
2255.86,1,Opponent1,Opponent1_D4,,1H,Pass,Launch,20.0,29.0,53.0,44.0
2259.1,1,Huskies,Huskies_D2,Huskies_D3,1H,Pass,Simple pass,47.0,56.0,59.0,27.0
2263.27,1,Huskies,Huskies_D3,Huskies_D2,1H,Pass,Simple pass,59.0,27.0,45.0,54.0
2265.89,1,Huskies,Huskies_D2,Huskies_D1,1H,Pass,Simple pass,45.0,54.0,59.0,87.0
2268.48,1,Huskies,Huskies_D1,Huskies_M1,1H,Pass,Simple pass,59.0,87.0,58.0,97.0
2270.66,1,Huskies,Huskies_M1,Huskies_F1,1H,Pass,Simple pass,58.0,97.0,70.0,97.0
2271.21,1,Huskies,Huskies_F1,Huskies_F2,1H,Pass,Simple pass,70.0,97.0,64.0,86.0
2273.2,1,Huskies,Huskies_F2,Huskies_M1,1H,Pass,Simple pass,64.0,86.0,74.0,84.0
2275.34,1,Huskies,Huskies_M1,Huskies_F3,1H,Pass,Simple pass,74.0,84.0,79.0,78.0
2276.35,1,Huskies,Huskies_F3,Huskies_F2,1H,Pass,Simple pass,79.0,78.0,84.0,77.0
2276.88,1,Huskies,Huskies_F2,,1H,Others on the ball,Touch,84.0,77.0,87.0,73.0
2277.21,1,Opponent1,Opponent1_D2,,1H,Duel,Ground attacking duel,13.0,27.0,17.0,34.0
2278.12,1,Huskies,Huskies_F2,,1H,Duel,Ground defending duel,87.0,73.0,83.0,66.0
2278.25,1,Huskies,Huskies_F3,,1H,Duel,Ground defending duel,83.0,66.0,65.0,65.0
2278.72,1,Opponent1,Opponent1_D2,,1H,Duel,Ground attacking duel,17.0,34.0,35.0,35.0
2281.56,1,Opponent1,Opponent1_D2,Opponent1_M2,1H,Pass,Simple pass,35.0,35.0,48.0,56.0
2285.97,1,Opponent1,Opponent1_M2,Opponent1_D3,1H,Pass,Simple pass,48.0,56.0,59.0,88.0
2288.09,1,Opponent1,Opponent1_D3,Opponent1_F3,1H,Pass,Smart pass,59.0,88.0,80.0,82.0
2288.99,1,Opponent1,Opponent1_F3,,1H,Others on the ball,Touch,80.0,82.0,73.0,63.0
2292.22,1,Huskies,Huskies_D4,,1H,Others on the ball,Acceleration,27.0,37.0,54.0,48.0
2297.07,1,Huskies,Huskies_D4,,1H,Duel,Ground attacking duel,54.0,48.0,57.0,56.0
2298.94,1,Opponent1,Opponent1_M1,,1H,Duel,Ground defending duel,46.0,52.0,43.0,44.0
2299.75,1,Huskies,Huskies_D4,,1H,Duel,Ground attacking duel,57.0,56.0,58.0,50.0
2300.89,1,Huskies,Huskies_D4,Huskies_M2,1H,Pass,Simple pass,58.0,50.0,69.0,42.0
2301.74,1,Huskies,Huskies_M2,Huskies_F3,1H,Pass,Simple pass,69.0,42.0,75.0,19.0
2306.86,1,Huskies,Huskies_F3,,1H,Pass,Simple pass,75.0,19.0,78.0,37.0
2308.14,1,Opponent1,Opponent1_M1,Opponent1_M3,1H,Pass,Simple pass,22.0,63.0,25.0,70.0
2309.19,1,Opponent1,Opponent1_M3,Opponent1_M2,1H,Pass,Simple pass,25.0,70.0,40.0,83.0
2313.46,1,Opponent1,Opponent1_M2,Opponent1_F3,1H,Pass,Simple pass,40.0,83.0,76.0,85.0
2321.86,1,Opponent1,Opponent1_F3,Opponent1_M3,1H,Pass,Simple pass,76.0,85.0,89.0,89.0
2324.87,1,Opponent1,Opponent1_M3,,1H,Pass,Cross,89.0,89.0,88.0,59.0
2326.33,1,Huskies,Huskies_D2,,1H,Others on the ball,Clearance,12.0,41.0,21.0,0.0
2347.27,1,Opponent1,Opponent1_F3,,1H,Free Kick,Throw in,81.0,100.0,80.0,100.0
2371.21,1,Huskies,Huskies_D3,,1H,Free Kick,Throw in,22.0,0.0,26.0,5.0
2373.7,1,Huskies,Huskies_D4,Huskies_D3,1H,Pass,Simple pass,26.0,5.0,18.0,7.0
2375.29,1,Huskies,Huskies_D3,Huskies_F2,1H,Pass,High pass,18.0,7.0,55.0,16.0
2378.01,1,Huskies,Huskies_F2,,1H,Duel,Ground attacking duel,55.0,16.0,48.0,29.0
2381.22,1,Huskies,Huskies_F2,Huskies_M1,1H,Pass,Simple pass,48.0,29.0,50.0,79.0
2383.38,1,Huskies,Huskies_M1,,1H,Pass,High pass,50.0,79.0,97.0,86.0
2386.77,1,Opponent1,Opponent1_D1,,1H,Duel,Ground defending duel,3.0,14.0,0.0,0.0
2386.82,1,Huskies,Huskies_F1,,1H,Duel,Ground attacking duel,97.0,86.0,100.0,100.0
2420.41,1,Huskies,Huskies_F3,,1H,Free Kick,Corner,100.0,100.0,94.0,99.0
2422.33,1,Huskies,Huskies_F2,,1H,Pass,Cross,94.0,99.0,92.0,35.0
2423.1,1,Opponent1,Opponent1_F3,,1H,Duel,Air duel,8.0,65.0,8.0,56.0
2424.23,1,Huskies,Huskies_D3,,1H,Duel,Air duel,92.0,35.0,92.0,44.0
2425.37,1,Opponent1,Opponent1_D4,,1H,Duel,Air duel,8.0,56.0,8.0,51.0
2426.04,1,Huskies,Huskies_D2,,1H,Duel,Air duel,92.0,44.0,92.0,49.0
2428.45,1,Huskies,Huskies_D2,,1H,Foul,Foul,92.0,49.0,92.0,44.0
2441.11,1,Opponent1,Opponent1_G1,,1H,Free Kick,Free Kick,13.0,59.0,20.0,71.0
2444.35,1,Opponent1,Opponent1_D3,Opponent1_F2,1H,Pass,Simple pass,20.0,71.0,40.0,7.0
2457.13,1,Opponent1,Opponent1_F2,Opponent1_M1,1H,Pass,Simple pass,40.0,7.0,41.0,19.0
2457.47,1,Opponent1,Opponent1_M1,,1H,Duel,Ground attacking duel,41.0,19.0,35.0,5.0
2460.9,1,Opponent1,Opponent1_M1,,1H,Duel,Ground defending duel,35.0,5.0,36.0,4.0
2460.94,1,Huskies,Huskies_M3,,1H,Duel,Ground attacking duel,65.0,95.0,64.0,96.0
2462.86,1,Huskies,Huskies_M3,,1H,Pass,Simple pass,64.0,96.0,71.0,94.0
2463.07,1,Opponent1,Opponent1_D1,,1H,Duel,Ground defending duel,29.0,6.0,30.0,28.0
2463.42,1,Huskies,Huskies_F3,,1H,Duel,Ground attacking duel,71.0,94.0,70.0,72.0
2465.16,1,Opponent1,Opponent1_D4,,1H,Pass,Simple pass,30.0,28.0,31.0,6.0
2465.51,1,Huskies,Huskies_F3,,1H,Pass,Simple pass,69.0,94.0,52.0,83.0
2468.32,1,Opponent1,Opponent1_F1,,1H,Pass,Simple pass,48.0,17.0,46.0,41.0
2470.57,1,Huskies,Huskies_D3,,1H,Pass,Simple pass,54.0,59.0,87.0,57.0
2477.7,1,Opponent1,Opponent1_G1,Opponent1_D2,1H,Pass,Simple pass,13.0,43.0,42.0,12.0
2485.54,1,Opponent1,Opponent1_D2,Opponent1_F1,1H,Pass,High pass,42.0,12.0,64.0,17.0
2488.16,1,Opponent1,Opponent1_F1,,1H,Duel,Ground attacking duel,64.0,17.0,66.0,15.0
2488.21,1,Huskies,Huskies_D1,,1H,Duel,Ground defending duel,36.0,83.0,34.0,85.0
2489.02,1,Opponent1,Opponent1_F1,,1H,Pass,Simple pass,66.0,15.0,57.0,20.0
2489.93,1,Huskies,Huskies_M1,,1H,Duel,Ground defending duel,43.0,80.0,43.0,77.0
2490.93,1,Opponent1,Opponent1_F2,,1H,Duel,Ground attacking duel,57.0,20.0,57.0,23.0
2492.38,1,Huskies,Huskies_M1,,1H,Foul,Foul,43.0,77.0,43.0,80.0
2545.52,1,Opponent1,Opponent1_M2,,1H,Free Kick,Free kick cross,64.0,15.0,89.0,57.0
2548.62,1,Huskies,Huskies_D2,,1H,Duel,Air duel,11.0,43.0,12.0,41.0
2550.12,1,Huskies,Huskies_D3,,1H,Duel,Air duel,12.0,41.0,22.0,25.0
2550.76,1,Opponent1,Opponent1_M3,,1H,Pass,High pass,78.0,75.0,91.0,34.0
2552.31,1,Huskies,Huskies_F1,,1H,Others on the ball,Clearance,9.0,66.0,16.0,100.0
2573.61,1,Opponent1,Opponent1_D1,,1H,Free Kick,Throw in,84.0,0.0,92.0,18.0
2576.57,1,Opponent1,Opponent1_M3,,1H,Duel,Ground attacking duel,92.0,18.0,100.0,0.0
2577.23,1,Huskies,Huskies_M1,,1H,Duel,Ground defending duel,8.0,82.0,0.0,100.0
2604.3,1,Opponent1,Opponent1_M2,,1H,Free Kick,Corner,100.0,0.0,93.0,44.0
2607.22,1,Huskies,Huskies_F1,,1H,Others on the ball,Clearance,7.0,56.0,22.0,60.0
2608.51,1,Opponent1,Opponent1_M1,Opponent1_M3,1H,Pass,Head pass,78.0,40.0,77.0,66.0
2610.75,1,Opponent1,Opponent1_M3,Opponent1_D4,1H,Pass,Cross,77.0,66.0,88.0,45.0
2612.05,1,Opponent1,Opponent1_D4,,1H,Offside,,88.0,45.0,100.0,100.0
2631.52,1,Huskies,Huskies_G1,,1H,Free Kick,Free Kick,12.0,51.0,31.0,53.0
2636.52,1,Huskies,Huskies_D2,Huskies_D1,1H,Pass,Simple pass,31.0,53.0,28.0,78.0
2642.0,1,Huskies,Huskies_D1,Huskies_D2,1H,Pass,Simple pass,28.0,78.0,30.0,50.0
2644.94,1,Huskies,Huskies_D2,Huskies_D3,1H,Pass,Simple pass,30.0,50.0,40.0,13.0
2646.73,1,Huskies,Huskies_D3,Huskies_D4,1H,Pass,Simple pass,40.0,13.0,58.0,4.0
2647.75,1,Huskies,Huskies_D4,,1H,Pass,Simple pass,58.0,4.0,62.0,10.0
2648.54,1,Opponent1,Opponent1_F3,,1H,Others on the ball,Touch,38.0,90.0,52.0,78.0
2650.42,1,Opponent1,Opponent1_M2,,1H,Duel,Ground attacking duel,52.0,78.0,53.0,65.0
2651.64,1,Huskies,Huskies_D4,,1H,Duel,Ground defending duel,48.0,22.0,47.0,35.0
2652.51,1,Opponent1,Opponent1_M2,Opponent1_F2,1H,Pass,Simple pass,53.0,65.0,61.0,50.0
2654.49,1,Opponent1,Opponent1_F2,Opponent1_M3,1H,Pass,Simple pass,61.0,50.0,70.0,53.0
2658.93,1,Opponent1,Opponent1_M3,Opponent1_F2,1H,Pass,Simple pass,70.0,53.0,77.0,80.0
2661.95,1,Opponent1,Opponent1_F2,,1H,Pass,Simple pass,77.0,80.0,88.0,84.0
2663.78,1,Huskies,Huskies_D3,,1H,Others on the ball,Clearance,12.0,16.0,18.0,5.0
2667.35,1,Opponent1,Opponent1_F2,,1H,Pass,Cross,82.0,95.0,100.0,100.0
2669.27,1,Huskies,Huskies_M2,,1H,Others on the ball,Touch,16.0,12.0,21.0,0.0
2686.92,1,Opponent1,Opponent1_F3,,1H,Free Kick,Throw in,84.0,100.0,86.0,89.0
2688.68,1,Opponent1,Opponent1_F1,,1H,Duel,Air duel,86.0,89.0,74.0,87.0
2688.71,1,Huskies,Huskies_D3,,1H,Duel,Air duel,14.0,11.0,26.0,13.0
2692.11,1,Huskies,Huskies_F2,,1H,Duel,Ground defending duel,26.0,13.0,35.0,26.0
2692.16,1,Opponent1,Opponent1_F3,,1H,Duel,Ground attacking duel,74.0,87.0,65.0,74.0
2694.68,1,Huskies,Huskies_F2,Huskies_M1,1H,Pass,Simple pass,35.0,26.0,33.0,43.0
2696.28,1,Huskies,Huskies_M1,Huskies_D1,1H,Pass,Simple pass,33.0,43.0,31.0,81.0
2697.88,1,Huskies,Huskies_D1,,1H,Others on the ball,Acceleration,31.0,81.0,47.0,82.0
2702.42,1,Huskies,Huskies_D1,Huskies_M1,1H,Pass,Simple pass,47.0,82.0,50.0,73.0
2703.2,1,Huskies,Huskies_M1,,1H,Others on the ball,Touch,50.0,73.0,59.0,65.0
2705.45,1,Huskies,Huskies_M1,Huskies_F2,1H,Pass,Simple pass,59.0,65.0,69.0,68.0
2706.44,1,Huskies,Huskies_F2,Huskies_M1,1H,Pass,Simple pass,69.0,68.0,66.0,76.0
2706.99,1,Huskies,Huskies_M1,,1H,Pass,Simple pass,66.0,76.0,81.0,76.0
2708.97,1,Opponent1,Opponent1_D1,,1H,Duel,Ground defending duel,19.0,24.0,21.0,20.0
2710.22,1,Huskies,Huskies_F3,Huskies_F1,1H,Pass,Simple pass,79.0,80.0,89.0,96.0
2712.24,1,Huskies,Huskies_F1,Huskies_F2,1H,Pass,Cross,89.0,96.0,94.0,49.0
2714.27,1,Huskies,Huskies_F2,,1H,Shot,Shot,94.0,49.0,0.0,0.0
2716.21,1,Opponent1,Opponent1_G1,,1H,Save attempt,Reflexes,100.0,100.0,6.0,51.0
2787.21,1,Huskies,Huskies_M3,,1H,Duel,Ground defending duel,56.0,37.0,57.0,38.0
2789.19,1,Opponent1,Opponent1_M3,,1H,Duel,Ground attacking duel,44.0,63.0,43.0,62.0
2790.0,1,Opponent1,Opponent1_M3,Opponent1_D2,1H,Pass,Simple pass,43.0,62.0,38.0,30.0
2792.95,1,Opponent1,Opponent1_D2,Opponent1_M1,1H,Pass,Simple pass,38.0,30.0,43.0,36.0
2794.58,1,Opponent1,Opponent1_M1,Opponent1_D3,1H,Pass,Simple pass,43.0,36.0,41.0,83.0
2799.12,1,Opponent1,Opponent1_D3,Opponent1_D3,1H,Pass,Simple pass,41.0,83.0,43.0,76.0
2805.26,1,Opponent1,Opponent1_D3,Opponent1_D1,1H,Pass,High pass,43.0,76.0,89.0,17.0
2810.22,1,Opponent1,Opponent1_D1,,1H,Offside,,89.0,17.0,100.0,100.0
